{
  "layer_attn_std": [
    0.02574371173977852,
    0.03242185711860657,
    0.03318188339471817,
    0.03246891498565674,
    0.031791798770427704,
    0.031932491809129715,
    0.03074570931494236,
    0.03166196122765541,
    0.03097674809396267,
    0.029992230236530304,
    0.03031841851770878,
    0.029991261661052704,
    0.030301155522465706,
    0.028765922412276268,
    0.02937636338174343,
    0.028897829353809357,
    0.028747543692588806,
    0.028427720069885254,
    0.02831980399787426,
    0.028148170560598373,
    0.027332965284585953,
    0.027273721992969513,
    0.02620735578238964,
    0.026224618777632713,
    0.02594548463821411,
    0.02494298294186592,
    0.024517256766557693
  ],
  "layer_attn_max_abs": [
    0.375,
    0.3359375,
    0.33203125,
    0.357421875,
    0.400390625,
    0.2734375,
    0.37109375,
    0.298828125,
    0.3203125,
    0.328125,
    0.365234375,
    0.390625,
    0.34765625,
    0.31640625,
    0.302734375,
    0.40234375,
    0.361328125,
    0.33984375,
    0.4453125,
    0.4140625,
    0.345703125,
    0.408203125,
    0.470703125,
    0.5234375,
    0.462890625,
    0.357421875,
    0.384765625
  ],
  "layer_outlier_pct": [
    1.4149030049641929,
    1.0561625162760415,
    0.9276072184244791,
    0.9026845296223959,
    0.7615248362223308,
    0.8217811584472656,
    0.8635520935058594,
    0.8018811543782552,
    0.6259759267171223,
    0.6245613098144531,
    0.6139119466145833,
    0.6672382354736328,
    0.6447315216064453,
    0.6123860677083333,
    0.541241963704427,
    0.6541887919108074,
    0.5562941233317058,
    0.588671366373698,
    0.6152788798014324,
    0.5403518676757812,
    0.6803512573242188,
    0.5808194478352864,
    0.5360762278238933,
    0.5939006805419922,
    0.6408850351969402,
    0.5104223887125652,
    0.5157788594563801
  ],
  "layer1_expert_stds": [
    0.021342581138014793,
    0.022594887763261795,
    0.022246545180678368,
    0.022920606657862663,
    0.02263612300157547,
    0.02281956933438778,
    0.024599308148026466,
    0.02194947749376297,
    0.02238123118877411,
    0.021898770704865456,
    0.022392017766833305,
    0.023322073742747307,
    0.024986719712615013,
    0.023234857246279716,
    0.02252122014760971,
    0.023232027888298035,
    0.022375890985131264,
    0.02525763027369976,
    0.022815359756350517,
    0.02194236032664776,
    0.022952593863010406,
    0.022381776943802834,
    0.022294122725725174,
    0.022843435406684875,
    0.024241236969828606,
    0.02286369353532791,
    0.02289159595966339,
    0.023099815472960472,
    0.023184703662991524,
    0.023421967402100563,
    0.022011587396264076,
    0.023751070722937584,
    0.024649731814861298,
    0.02433234080672264,
    0.023289980366826057,
    0.022550689056515694,
    0.023378152400255203,
    0.022367196157574654,
    0.022088395431637764,
    0.023072393611073494,
    0.02328803949058056,
    0.022443268448114395,
    0.021969176828861237,
    0.021559931337833405,
    0.022320624440908432,
    0.022603213787078857,
    0.02256346493959427,
    0.022845540195703506,
    0.021853744983673096,
    0.02334054559469223,
    0.023261399939656258,
    0.022334637120366096,
    0.022231947630643845,
    0.022830216214060783,
    0.022717582061886787,
    0.023250550031661987,
    0.023439526557922363,
    0.023547355085611343,
    0.022673040628433228,
    0.022070027887821198,
    0.022832220420241356,
    0.02198387309908867,
    0.022557087242603302,
    0.02143692597746849
  ],
  "dtype": "bfloat16"
}